Nr.,Düngername,Form,Gewicht,NH4,NO3,P2O5,K2O,CaO,MgO,Na2O,SO4,Fe,Mn,Cu,Zn,B,Mo,Cl,CO3,HCO3,SiO2,Ur-N,HCO3-V,Information
1,(AAA) Kein Dünger,Zero,1.0,0.0,0.0,0.0,0.0,0.0,0.0,0.0,0.0,0.0,0.0,0.0,0.0,0.0,0.0,0.0,0.0,,0.0,0.0,0.0,Für welches Wasser usw.
2,Biolchim Eisenchelat Fe EDDHA 6%,Pulver,1.0,0.0,0.0,0.0,0.0,0.0,0.0,0.0,0.0,0.06,0.0,0.0,0.0,0.0,0.0,0.0,0.0,,0.0,0.0,0.0,Eisenchelat
3,Biolchim Eisenchelat Fe EDTA 13%,Pulver,1.0,0.0,0.0,0.0,0.0,0.0,0.0,0.0,0.0,0.13,0.0,0.0,0.0,0.0,0.0,0.0,0.0,,0.0,0.0,0.0,Eisenchelat
4,Biolchim Gold Dry,Pulver,1.0,0.0,0.0,0.0,0.0,0.0,0.0,0.0,0.0,0.0,0.006,0.0,0.005,0.009,0.0,0.0,0.0,,0.44,0.0,0.0,Spurennährstoff mit Silicum
5,Biolchim Green-Go 12-12-36,Pulver,1.0,0.0211,0.1,0.12,0.36,0.0,0.01,0.0,0.0,0.0004,0.0002,0.0002,0.0002,0.0002,0.0001,0.0,0.0,,0.0,0.0,-9.19173466983658,Weiches Wasser
6,Biolchim Green-Go 12-8-24+10CaO,Pulver,1.0,0.0105,0.11,0.08,0.24,0.1,0.0,0.0,0.0,0.0004,0.0002,0.0002,0.0002,0.0002,0.0001,0.0,0.0,,0.0,0.0,-4.5740859731414245,Weiches Wasser
7,Biolchim Green-Go 19-19-19,Pulver,1.0,0.092,0.103,0.19,0.19,0.0,0.0,0.0,0.0,0.0004,0.0002,0.0002,0.0002,0.0002,0.0001,0.0,0.0,,0.0,0.0,-40.07770566942963,Mittleres Wasser
8,Biolchim Green-Go 19-6-20,Pulver,1.0,0.0762,0.118,0.06,0.2,0.0,0.03,0.0,0.0,0.0004,0.0002,0.0002,0.0002,0.0002,0.0001,0.0,0.0,,0.0,0.0,-33.19479534794063,Mittleres Wasser
9,Biolchim Green-Go 21-7-21,Pulver,1.0,0.09,0.125,0.07,0.21,0.0,0.0,0.0,0.0,0.0004,0.0002,0.0002,0.0002,0.0002,0.0001,0.0,0.0,,0.0,0.0,-39.206451198355076,Mittleres Wasser
10,Biolchim Green-Go 6-12-36,Pulver,1.0,0.0275,0.034,0.12,0.36,0.0,0.03,0.0,0.0,0.0004,0.0002,0.0002,0.0002,0.0002,0.0001,0.0,0.0,,0.0,0.0,-11.979748977275161,Mittleres Wasser
11,Biolchim Green-Go 6-48-18,Pulver,1.0,0.0635,0.0,0.48,0.18,0.0,0.0,0.0,0.0,0.04,0.0002,0.0002,0.0002,0.0002,0.0001,0.0,0.0,,0.0,0.0,-27.662329456617194,Mittleres Wasser
12,Biolchim Green-Go 8-16-24+10CaO,Pulver,1.0,0.0,0.08,0.16,0.24,0.1,0.0,0.0,0.0,0.0004,0.0002,0.0002,0.0002,0.0002,0.0001,0.0002,0.0,,0.0,0.0,0.0,Weiches Wasser
13,Biolchim Green-Go 8-24-16+10CaO,Pulver,1.0,0.0105,0.07,0.24,0.16,0.1,0.0,0.0,0.0,0.0004,0.0002,0.0002,0.0002,0.0002,0.0001,0.0,0.0,,0.0,0.0,-4.5740859731414245,Weiches Wasser
14,Biolchim K-Bomber 56,Pulver,1.0,0.0,0.0,0.06,0.56,0.0,0.0,0.0,0.0,0.0,0.0,0.0,0.0,0.0,0.0,0.0,0.0,,0.0,0.0,0.0,"Kalium,Phosphor"
15,Biolchim Kupferchelat Cu EDTA 15%,Pulver,1.0,0.0,0.0,0.0,0.0,0.0,0.0,0.0,0.0,0.0,0.0,0.15,0.0,0.0,0.0,0.0,0.0,,0.0,0.0,0.0,Kupferchelat
16,Biolchim Manganchelat Mn EDTA 13%,Pulver,1.0,0.0,0.0,0.0,0.0,0.0,0.0,0.0,0.0,0.0,0.13,0.0,0.0,0.0,0.0,0.0,0.0,,0.0,0.0,0.0,Manganchelat
17,Biolchim Microfol Combi,Pulver,1.0,0.0,0.0,0.0,0.0,0.0,0.09,0.0,0.2696,0.04,0.04,0.015,0.015,0.005,0.001,0.0,0.0,,0.0,0.0,0.0,Spurennährstoffe
18,Biolchim Schwefel gepresst,Pulver,1.0,0.0,0.0,0.0,0.0,0.0,0.0,0.0,2.6065,0.0,0.0,0.0,0.0,0.0,0.0,0.0,0.0,,0.0,0.0,0.0,Schwefel
19,Biolchim Zinkchelat Zn EDTA 15%,Pulver,1.0,0.0,0.0,0.0,0.0,0.0,0.0,0.0,0.0,0.0,0.0,0.0,0.15,0.0,0.0,0.0,0.0,,0.0,0.0,0.0,Zinkchelat
20,Calciumcarbonat CaCO3,Pulver,1.0,0.0,0.0,0.0,0.0,0.56,0.0,0.0,0.0,0.0,0.0,0.0,0.0,0.0,0.0,0.0,0.6,,0.0,0.0,121.92804452930405,"pH-Plus Regulierung, Härtung"
21,Compo Basafer Plus,Pulver,1.0,0.0,0.0,0.0,0.0,0.0,0.0,0.0,0.0,0.06,0.0,0.0,0.0,0.0,0.0,0.0,0.0,,0.0,0.0,0.0,"Boden, Eisenchelat"
22,Compo Basfoliar Aktiv SL,Flüssig,1.37,0.03,0.0,0.0,0.18,0.0,0.0,0.0,0.0,0.0002,0.0001,0.0002,0.0001,0.0001,1e-05,0.005,0.0,,0.0,0.0,-13.068817066118356,"Blatt/Boden,Langzeit"
23,Compo Basfoliar Bor SL,Flüssig,1.36,0.0,0.0,0.0,0.0,0.0,0.0,0.0,0.0,0.0,0.0,0.0,0.0,0.11,0.0,0.0,0.0,,0.0,0.0,0.0,"Boden/Blatt, Borchelat"
24,Compo Basfoliar Combi Stipp SL,Flüssig,1.5,0.0,0.09,0.0,0.0,0.15,0.0,0.0,0.0,0.0,0.004,0.0,0.0001,0.002,0.0,0.005,0.0,,0.0,0.0,0.0,Blatt/Boden
25,Compo Basfoliar Ferro Top SL 15+0+0(+4+8),Flüssig,1.4,0.15,0.0,0.0,0.0,0.0,0.0,0.0,0.1198,0.08,0.0002,2e-05,0.0,0.0,0.0,0.0,0.0,,0.0,0.0,-65.34408533059178,"Blatt, Langzeit"
26,Compo Basfoliar Fruits SL,Flüssig,1.55,0.0,0.0,0.4,0.15,0.0,0.05,0.0,0.0,0.0005,0.0,0.0,0.0,0.0001,0.0,0.005,0.0,,0.0,0.0,0.0,Blatt/Boden
27,Compo Basfoliar Root Boster SL,Flüssig,1.2,0.045,0.155,0.05,0.0,0.0,0.0,0.0,0.0,0.0,0.0,0.0,0.0,0.0,0.0,0.0,0.0,,0.0,0.0,-19.603225599177538,"Blatt/Boden, Aminosäure"
28,Compo Basfoliar Top-N SL,Flüssig,1.25,0.28,0.0,0.0,0.0,0.0,0.0,0.0,0.0,0.0,0.0,0.0,0.0,0.0,0.0,0.0,0.0,,0.0,0.0,-121.97562595043803,"Blatt, Langzeit"
29,Compo Basfoliar Turf Complete SL,Flüssig,1.4,0.075,0.015,0.04,0.06,0.0,0.02,0.0,0.0,0.0005,0.0001,5e-05,5e-05,0.0,8e-05,0.0,0.0,,0.0,0.0,-32.67204266529589,"Blatt/Boden,Langzeit"
30,Compo Easy Start TE-Max ,Pulver,1.0,0.11,0.0,0.48,0.0,0.0,0.0,0.0,0.0,0.006,0.001,0.0,0.01,0.0,0.0,0.01,0.0,,0.0,0.0,-47.918995909100644,"Boden, Spurennährstoffe"
31,Compo Fetrilon 13 ,Pulver,1.0,0.0,0.0,0.0,0.0,0.0,0.0,0.0,0.0,0.13,0.0,0.0,0.0,0.0,0.0,0.0,0.0,,0.0,0.0,0.0,"Boden, Eisenchelat"
32,Compo Fetrilon Combi 1 ,Pulver,1.0,0.0,0.0,0.0,0.0,0.0,0.033,0.0,0.0,0.04,0.04,0.015,0.015,0.005,0.001,0.0,0.0,,0.0,0.0,0.0,"Boden, Spurennährstoffe"
33,"Compo Hakaphos Amarillo 17-5-19(+1,5)",Pulver,1.0,0.098,0.072,0.05,0.19,0.0,0.02,0.0,0.0,0.0005,0.0005,0.0002,0.0002,0.0001,1e-05,0.005,0.0,,0.0,0.0,-42.691469082653306,Hartes Wasser
34,Compo Hakaphos Azerka 20-7-10(+3),Pulver,1.0,0.119,0.081,0.07,0.1,0.0,0.03,0.0,0.0,0.00075,0.0005,0.0002,0.00015,0.0001,1e-05,0.005,0.0,,0.0,0.0,-51.83964102893615,Hartes Wasser
35,Compo Hakaphos Basis2 3-9-40(+4),Pulver,1.0,0.0,0.03,0.09,0.4,0.0,0.04,0.0,0.0,0.0015,0.0005,0.0002,0.00015,0.0001,1e-05,0.005,0.0,,0.0,0.0,0.0,Weiches Wasser
36,Compo Hakaphos Basis3 3-15-36(+4),Pulver,1.0,0.0,0.03,0.15,0.36,0.0,0.04,0.0,0.0,0.002,0.0005,0.0002,0.00015,0.0001,1e-05,0.005,0.0,,0.0,0.0,0.0,Weiches Wasser
37,Compo Hakaphos Basis5 5-20-30(+5),Pulver,1.0,0.01,0.04,0.2,0.3,0.0,0.05,0.0,0.0,0.002,0.001,0.0006,0.00025,0.0003,3e-05,0.005,0.0,,0.0,0.0,-4.356272355372786,Weiches Wasser
38,Compo Hakaphos Blau 15-10-15(+2),Pulver,1.0,0.11,0.04,0.1,0.15,0.0,0.02,0.0,0.0,0.0005,0.0005,0.0002,0.0002,0.0001,1e-05,0.005,0.0,,0.0,0.0,-47.918995909100644,Hartes Wasser
39,Compo Hakaphos Gelb20-0-16(+1),Pulver,1.0,0.114,0.086,0.0,0.16,0.0,0.01,0.0,0.0,0.00075,0.0005,0.0002,0.00015,0.0001,1e-05,0.005,0.0,,0.0,0.0,-49.66150485124976,Hartes Wasser
40,Compo Hakaphos Grün 20-5-10(+2),Pulver,1.0,0.13,0.07,0.05,0.1,0.0,0.02,0.0,0.0,0.0005,0.0005,0.0002,0.0002,0.0001,1e-05,0.005,0.0,,0.0,0.0,-56.63154061984623,Hartes Wasser
41,Compo Hakaphos Rot 8-12-24(+4),Pulver,1.0,0.05,0.03,0.12,0.24,0.0,0.04,0.0,0.0,0.0005,0.0005,0.0002,0.0002,0.0001,1e-05,0.005,0.0,,0.0,0.0,-21.781361776863935,Hartes Wasser
42,Compo Hakaphos Soft Elite 24-6-12(+2),Pulver,1.0,0.11,0.13,0.06,0.12,0.0,0.02,0.0,0.0,0.001,0.0005,0.0002,0.00015,0.0001,1e-05,0.005,0.0,,0.0,0.0,-47.918995909100644,Weiches Wasser
43,Compo Hakaphos Soft Naranja 15-5-30(+2),Pulver,1.0,0.048,0.102,0.05,0.3,0.0,0.02,0.0,0.0,0.0005,0.0005,0.0002,0.0002,0.0001,1e-05,0.005,0.0,,0.0,0.0,-20.910107305789374,Weiches Wasser
44,Compo Hakaphos Soft Novell 11-11-30(+3),Pulver,1.0,0.035,0.075,0.11,0.3,0.0,0.03,0.0,0.0,0.001,0.0005,0.0002,0.00015,0.0001,1e-05,0.005,0.0,,0.0,0.0,-15.246953243804754,Weiches Wasser
45,Compo Hakaphos Soft Plus 14-6-24(+3),Pulver,1.0,0.064,0.076,0.06,0.24,0.0,0.03,0.0,0.0,0.00075,0.0005,0.0002,0.00015,0.0001,1e-05,0.005,0.0,,0.0,0.0,-27.880143074385824,Weiches Wasser
46,Compo Hakaphos Soft16-8-22(+3) Spezial  ,Pulver,1.0,0.063,0.097,0.08,0.22,0.0,0.03,0.0,0.0,0.0015,0.0005,0.0002,0.00015,0.0002,2.5e-05,0.005,0.0,,0.0,0.0,-27.44451583884855,Weiches Wasser
47,"Compo Hakaphos Soft Ultra 18-12-18(+2,4)",Pulver,1.0,0.077,0.103,0.12,0.18,0.0,0.024,0.0,0.0,0.001,0.0005,0.0002,0.00015,0.0001,1e-05,0.005,0.0,,0.0,0.0,-33.543297136370455,Weiches Wasser
48,Compo Kamasol brillant Blau,Flüssig,1.25,0.066,0.014,0.08,0.06,0.0,0.0004,0.0,0.0,0.0002,0.0001,2e-05,2e-05,0.0001,1e-05,0.005,0.0,,0.0,0.0,-28.75139754546039,"Blatt/Boden,Langzeit"
49,Compo Kamasol brillant Grün,Flüssig,1.2,0.085,0.015,0.04,0.07,0.0,0.002,0.0,0.0,0.0002,0.0001,2e-05,2e-05,0.0001,1e-05,0.005,0.0,,0.0,0.0,-37.028315020668686,"Blatt/Boden,Langzeit"
50,Compo NovaTec 18 fluid,Flüssig,1.2,0.09,0.09,0.0,0.0,0.0,0.0,0.0,0.0,0.0,0.0,0.0,0.0,0.0,0.0,0.0,0.0,,0.0,0.0,-39.206451198355076,Hartes Wasser
51,Compo NovaTec Solub 25,Pulver,1.0,0.21,0.0,0.0,0.0,0.0,0.0,0.0,0.719,0.0,0.0,0.0,0.0,0.0,0.0,0.0,0.0,,0.0,0.0,-91.48171946282851,Hartes Wasser
52,Compo NovaTec Solub K-Max10-5-30(+2),Pulver,1.0,0.06,0.04,0.05,0.3,0.0,0.02,0.0,0.3595,0.0005,0.0005,0.0002,0.0002,0.0001,1e-05,0.005,0.0,,0.0,0.0,-26.137634132236713,Hartes Wasser
53,Compo NovaTec Solub NK-Max16-8-16(+2),Pulver,1.0,0.11,0.05,0.08,0.16,0.0,0.02,0.0,0.3295,0.0005,0.0005,0.0002,0.0002,0.0001,1e-05,0.005,0.0,,0.0,0.0,-47.918995909100644,Hartes Wasser
54,Compo NovaTec Solub N-Max 19-5-5(+2),Pulver,1.0,0.16,0.03,0.05,0.05,0.0,0.02,0.0,0.5093,0.0005,0.0005,0.0002,0.0002,0.0001,1e-05,0.005,0.0,,0.0,0.0,-69.70035768596458,Hartes Wasser
55,"Compo NovaTec Solub P-Max 13-33-13(+2,5)",Pulver,1.0,0.08,0.05,0.33,0.13,0.0,0.025,0.0,0.0599,0.0005,0.0005,0.0002,0.0002,0.0001,1e-05,0.005,0.0,,0.0,0.0,-34.85017884298229,Hartes Wasser
56,Compo Nutribor,Pulver,1.0,0.0,0.06,0.0,0.0,0.0,0.05,0.0,0.2696,0.0,0.01,0.0,0.001,0.08,0.0004,0.0,0.0,,0.0,0.0,0.0,"Boden, Spurennährstoffe"
57,Compo Vitanica MC,Flüssig,1.23,0.09,0.02,0.03,0.07,0.0,0.0,0.0,0.0,0.001,0.005,0.0005,0.0,0.0,0.0,0.0,0.0,,0.0,0.0,-39.206451198355076,Blatt/Boden Langzeit
58,Compo Vitanica P3,Flüssig,1.23,0.05,0.0,0.0,0.1,0.0,0.0,0.0,0.0,0.0002,0.0001,2e-05,2e-05,0.0001,1e-05,0.0,0.0,,0.0,0.0,-21.781361776863935,Blatt/Boden Langzeit
59,Compo Vitanica RZ,Flüssig,1.1,0.05,0.0,0.0,0.05,0.0,0.0,0.0,0.0,0.0,0.0,0.0,0.0,0.0,0.0,0.0,0.0,,0.0,0.0,-21.781361776863935,"Blatt/Boden, Wurzelstimulator,Rhizotonic"
60,Compo Vitanica Si,Flüssig,1.24,0.05,0.0,0.03,0.07,0.0,0.0,0.017,0.0,0.0,0.0,0.0,0.0,0.0,0.0,0.0,0.0,,0.1,0.0,-21.781361776863935,"Blatt/Boden, Langzeit, Silcate"
61,Harnstoffphosphat 17-44-0,Pulver,1.0,0.03825,0.13175,0.44,0.0,0.0,0.0,0.0,0.0,0.0,0.0,0.0,0.0,0.0,0.0,0.0,0.0,,0.0,0.0,-16.662741759300907,"pH-Minus Regulierung, mit N und P"
62,HuminTech AMINO POWER Plus Liquid,Flüssig,1.2,0.02,0.06,0.0,0.0,0.0,0.0,0.0,0.0,0.002,0.001,0.0001,0.0001,0.0005,0.0001,0.0,0.0,,0.0,0.0,-8.712544710745572,Aminosäure und Spurenelemente
63,HuminTech Fulvital Plus Liquid,Flüssig,1.2,0.0,0.0,0.0,0.0,0.0,0.0315,0.0,0.0389,0.012,0.006,0.004,0.008,0.0,0.0,0.0,0.0,,0.0,0.0,0.0,Fulvosäuren und Spurenelemente
64,"K+S EPSO Bortop Bittersalz+Bor 12,6-",Pulver,1.0,0.0,0.0,0.0,0.0,0.0,0.126,0.0,0.2996,0.0,0.0,0.0,0.0,0.04,0.0,0.0,0.0,,0.0,0.0,0.0,"Weiches Wasser,Magnesium mit Schwefel+Bor"
65,K+S EPSO Combitop Bittersalz+Spuren 13-41,Pulver,1.0,0.0,0.0,0.0,0.0,0.0,0.13,0.0,0.4074,0.0,0.04,0.0,0.01,0.0,0.0,0.0,0.0,,0.0,0.0,0.0,"Weiches Wasser,Magnesium mit Schwefel+Spuren"
66,K+S EPSO Microtop Bittersalz+Spuren 15-37,Pulver,1.0,0.0,0.0,0.0,0.0,0.0,0.15,0.0,0.3715,0.0,0.01,0.0,0.0,0.0,0.009,0.0,0.0,,0.0,0.0,0.0,"Weiches Wasser,Magnesium mit Schwefel+Spuren"
67,K+S EPSO Top Bittersalz 16-39,Pulver,1.0,0.0,0.0,0.0,0.0,0.0,0.16,0.0,0.3895,0.0,0.0,0.0,0.0,0.0,0.0,0.0,0.0,,0.0,0.0,0.0,"Weiches Wasser,Magnesium mit Schwefel"
68,K+S soluMAP NP 12+61,Pulver,1.0,0.118,0.0,0.61,0.0,0.0,0.0,0.0,0.0,0.0,0.0,0.0,0.0,0.0,0.0,0.0,0.0,,0.0,0.0,-51.404013793398875,Hartes Wasser
69,"K+S soluMKP PK 51,5-34",Pulver,1.0,0.0,0.0,0.515,0.34,0.0,0.0,0.0,0.0,0.0,0.0,0.0,0.0,0.0,0.0,0.0,0.0,,0.0,0.0,0.0,"Weiches Wasser, Kalium mit Phosphor"
70,K+S soluMOP Kaliumchlorid 60,Pulver,1.0,0.0,0.0,0.0,0.6,0.0,0.0,0.0,0.0,0.0,0.0,0.0,0.0,0.0,0.0,0.8,0.0,,0.0,0.0,0.0,"Weiches Waser, Kalium mit Chlorid"
71,K+S soluNOP NK 13.5 (+46),Pulver,1.0,0.0,0.135,0.0,0.56,0.0,0.0,0.0,0.0,0.0,0.0,0.0,0.0,0.0,0.0,0.0,0.0,,0.0,0.0,0.0,"Weiches Wasser, Nitrat mit Kalium"
72,K+S soluSOP 52 Kaliumsulfat 52 (+54),Pulver,1.0,0.0,0.0,0.0,0.52,0.0,0.0,0.0,0.5393,0.0,0.0,0.0,0.0,0.0,0.0,0.0,0.0,,0.0,0.0,0.0,"Weiches Wasser, Kalium mit Schwefel"
73,vom Düngerexperten Kaliumsulfat 50 (+53.9),Pulver,1.0,0.0,0.0,0.0,0.5,0.0,0.0,0.0,0.5393,0.0,0.0,0.0,0.0,0.0,0.0,0.0,0.0,,0.0,0.0,0.0,"Weiches Wasser, Kalium mit Schwefel"
74,Kaliumcarbonat K2CO3 100%rein,Pulver,1.0,0.0,0.0,0.0,0.682,0.0,0.0,0.0,0.0,0.0,0.0,0.0,0.0,0.0,0.0,0.0,0.434,,0.0,0.0,88.2992655837343,pH-Plus Regulierung; Härtung
75,Magnesiumcarbonat MgCO3 100%rein,Pulver,1.0,0.0,0.0,0.0,0.0,0.0,0.478,0.0,0.0,0.0,0.0,0.0,0.0,0.0,0.0,0.0,0.712,,0.0,0.0,144.73770042662005,pH-Plus Regulierung; Härtung
76,Natriumcarbonat Na2CO3 100%rein,Pulver,1.0,0.0,0.0,0.0,0.0,0.0,0.0,0.682,0.0,0.0,0.0,0.0,0.0,0.0,0.0,0.0,0.434,,0.0,0.0,115.13858068022282,pH-Plus Regulierung; Härtung
77,Phosphorsäure 15%,Flüssig,1.0,0.0,0.0,0.11,0.0,0.0,0.0,0.0,0.0,0.0,0.0,0.0,0.0,0.0,0.0,0.0,0.0,,0.0,0.0,-9.457003265360758,pH-Minus Regulierung
78,Planta Ferty 1 MEGA,Pulver,1.0,0.11,0.13,0.06,0.12,0.0,0.02,0.0,0.0,0.001,0.0005,0.0004,0.0001,0.0002,2e-05,0.0,0.0,,0.0,0.0,-47.918995909100644,Mittleres Wasser
79,Planta Ferty 2 MEGA,Pulver,1.0,0.05,0.11,0.06,0.26,0.0,0.034,0.0,0.0,0.001,0.0005,0.0004,0.0001,0.0002,2e-05,0.0,0.0,,0.0,0.0,-21.781361776863935,Weiches Wasser
80,Planta Ferty 3 MEGA,Pulver,1.0,0.08,0.1,0.12,0.18,0.0,0.02,0.0,0.0,0.001,0.0005,0.0004,0.0001,0.0002,2e-05,0.0,0.0,,0.0,0.0,-34.85017884298229,Mittleres Wasser
81,Planta Ferty 4 MEGA,Pulver,1.0,0.026,0.074,0.2,0.3,0.0,0.027,0.0,0.0,0.001,0.0005,0.0004,0.0001,0.0002,2e-05,0.0,0.0,,0.0,0.0,-11.326308123969243,Weiches Wasser
82,Planta Ferty 6 MEGA,Pulver,1.0,0.08,0.1,0.18,0.18,0.0,0.0,0.0,0.0,0.001,0.0005,0.0004,0.0001,0.0002,2e-05,0.0,0.0,,0.0,0.0,-34.85017884298229,Mittleres Wasser
83,Planta Ferty 8 MEGA,Pulver,1.0,0.076,0.104,0.0,0.22,0.0,0.033,0.0,0.0,0.001,0.0005,0.0004,0.0001,0.0002,2e-05,0.0,0.0,,0.0,0.0,-33.10766990083317,Mittleres Wasser
84,Planta Ferty Primula,Pulver,1.0,0.02,0.095,0.1,0.35,0.0,0.02,0.0,0.0,0.001,0.0005,0.0004,0.0001,0.0002,2e-05,0.0,0.0,,0.0,0.0,-8.712544710745572,Weiches Wasser
85,Salpetersäure 5%,Flüssig,1.0,0.0,0.0492,0.0,0.0,0.0,0.0,0.0,0.0,0.0,0.0,0.0,0.0,0.0,0.0,0.0,0.0,,0.0,0.0,-4.841595680341392,pH-Minus Regulierung
86,Schwefelsäure 20%,Flüssig,1.0,0.0,0.0,0.0,0.0,0.0,0.0,0.0,0.1958,0.0,0.0,0.0,0.0,0.0,0.0,0.0,0.0,,0.0,0.0,-24.87355003924524,pH-Minus Regulierung
87,Yara FRUITCAL,Flüssig,1.1,0.0,0.069,0.0,0.0,0.1091,0.02,0.0,0.0,0.0,0.0,0.0,0.0,0.0025,0.0,0.0,0.0,,0.0,0.0,0.0,"Blatt/Boden, Calciumnitrat, Magnesium,Bor"
88,Yara Magnitra-L Magnesiumnitrat,Flüssig,1.0,0.0,0.07,0.0,0.0,0.0,0.1,0.0,0.0,0.0,0.0,0.0,0.0,0.0,0.0,0.0,0.0,,0.0,0.0,0.0,Zum ausgleichen bei hohem Schwefelgehalt
89,Yara Tera CALCINIT,Pulver,1.0,0.011,0.144,0.0,0.0,0.26,0.0,0.0,0.0,0.0,0.0,0.0,0.0,0.0,0.0,0.0,0.0,,0.0,0.0,-4.791899590910065,"Weiches Wasser, Calciumnitrat"
90,Yara Tera KRISTA K PLUS,Pulver,1.0,0.0,0.135,0.0,0.46,0.0,0.0,0.0,0.0,0.0,0.0,0.0,0.0,0.0,0.0,0.005,0.0,,0.0,0.0,0.0,Weiches Wasser
91,Yara Tera KRISTA MAG,Pulver,1.0,0.0,0.11,0.0,0.0,0.0,0.15,0.0,0.0,0.0,0.0,0.0,0.0,0.0,0.0,0.0,0.0,,0.0,0.0,0.0,"Weiches Wasser, Magesium ohne Schwefel"
92,Yara Tera KRISTA MAP,Pulver,1.0,0.12,0.0,0.61,0.0,0.0,0.0,0.0,0.0,0.0,0.0,0.0,0.0,0.0,0.0,0.0,0.0,,0.0,0.0,-52.275268264473425,Hartes Wasser
93,HAIFA monokaliumphosphat MKP,Pulver,1.0,0.0,0.0,0.52,0.34,0.0,0.0,0.0,0.0,0.0,0.0,0.0,0.0,0.0,0.0,0.005,0.0,,0.0,0.0,0.0,Weiches bis Hartes Wasser
94,Yara Tera KRISTA SOP,Pulver,1.0,0.0,0.0,0.0,0.52,0.0,0.0,0.0,0.5392,0.0,0.0,0.0,0.0,0.0,0.0,0.005,0.0,,0.0,0.0,0.0,Weiches bis Hartes Wasser
95,Yara Tera KRISTALON AZUR,Pulver,1.0,0.121,0.079,0.05,0.1,0.0,0.02,0.0,0.2996,0.0007,0.0004,0.0001,0.00025,0.00025,4e-05,0.005,0.0,,0.0,0.0,-52.710895500010714,Hartes Wasser
96,Yara Tera KRISTALON AZUR SPEZIAL,Pulver,1.0,0.069,0.091,0.11,0.16,0.0,0.04,0.0,0.1198,0.0007,0.0004,0.0001,0.00025,0.00025,4e-05,0.005,0.0,,0.0,0.0,-30.058279252072225,Mittleres Wasser
97,Yara Tera KRISTALON BLAUMARKE,Pulver,1.0,0.071,0.119,0.06,0.2,0.0,0.03,0.0,0.0898,0.0007,0.0004,0.0001,0.00025,0.00025,4e-05,0.005,0.0,,0.0,0.0,-30.929533723146772,MittleresWasser
98,Yara Tera KRISTALON BRAUN ,Pulver,1.0,0.0,0.03,0.11,0.38,0.0,0.04,0.0,0.3295,0.0007,0.0004,0.0001,0.00025,0.00025,4e-05,0.005,0.0,,0.0,0.0,0.0,WeichesWasser
99,Yara Tera KRISTALON GELB,Pulver,1.0,0.086,0.044,0.4,0.13,0.0,0.0,0.0,0.0,0.0007,0.0004,0.0001,0.00025,0.00025,4e-05,0.005,0.0,,0.0,0.0,-37.463942256205954,MittleresWasser
100,Yara Tera KRISTALON GRÜNMARKE,Pulver,1.0,0.09,0.09,0.18,0.18,0.0,0.0,0.0,0.0,0.0014,0.0008,0.0002,0.0005,0.0005,8e-05,0.005,0.0,,0.0,0.0,-39.206451198355076,MittleresWasser
101,Yara Tera KRISTALON ORANGE,Pulver,1.0,0.015,0.045,0.12,0.36,0.0,0.03,0.0,0.2396,0.0007,0.0004,0.0001,0.00025,0.00025,4e-05,0.005,0.0,,0.0,0.0,-6.534408533059178,WeichesWasser
102,Yara Tera KRISTALON ROT,Pulver,1.0,0.019,0.101,0.12,0.36,0.0,0.01,0.0,0.0299,0.0007,0.0004,0.0001,0.00025,0.00025,4e-05,0.005,0.0,,0.0,0.0,-8.276917475208293,WeichesWasser
103,Yara Tera KRISTALON SCARLET,Pulver,1.0,0.0,0.075,0.12,0.36,0.0,0.045,0.0,0.1198,0.0015,0.0006,4e-05,0.00027,0.00027,4e-05,0.005,0.0,,0.0,0.0,0.0,Weiches Wasser
104,Yara Tera KRISTALON SUPER Rot (GENA),Pulver,1.0,0.019,0.101,0.12,0.36,0.0,0.0,0.0,0.0599,0.0007,0.0004,0.0001,0.00025,0.00025,4e-05,0.005,0.0,,0.0,0.0,-8.276917475208293,Weiches Wasser
105,Yara Tera KRISTALON SUPER Weiß (VEGA),Pulver,1.0,0.079,0.091,0.06,0.25,0.0,0.0,0.0,0.1797,0.0007,0.0004,0.0001,2.5e-05,0.00025,4e-05,0.005,0.0,,0.0,0.0,-34.414551607445006,MittleresWasser
106,Yara Tera KRISTALON WEIßMARKE,Pulver,1.0,0.037,0.113,0.05,0.3,0.0,0.03,0.0,0.0599,0.0007,0.0004,0.0001,0.00025,0.00025,4e-05,0.005,0.0,,0.0,0.0,-16.118207714879308,WeichesWasser
107,Yara Tera TENSO COCKTAIL,Pulver,1.0,0.0,0.0,0.0,0.0,0.036,0.0,0.0,0.0,0.0384,0.0274,0.0053,0.0053,0.0052,0.0,0.0,0.0,,0.0,0.0,0.0,Spurennährstoffe mit Calcium
108,Yara Tera TENSO IRON 58 ,Pulver,1.0,0.0,0.0,0.0,0.0,0.0,0.0,0.0,0.0,0.06,0.0,0.0,0.0,0.0,0.0,0.0,0.0,,0.0,0.0,0.0,"Boden,Eisenchelat"
109,Yara TRACER,Flüssig,1.1,0.0,0.0,0.0,0.0,0.0,0.0,0.0,0.0,0.0057,0.006,0.0028,0.0035,0.0021,5e-05,0.0,0.0,,0.0,0.0,0.0,"Blatt/Boden , Spurennährstoffe"
110,Yara UNIKA CALCIUM,Pulver,1.0,0.005,0.135,0.0,0.24,0.12,0.0,0.0,0.0,0.0,0.0,0.0,0.0,0.0,0.0,0.005,0.0,,0.0,0.0,-2.178136177686393,"Boden, Calciumnitrat mit Kalium"
111,Yara UNIKA PLUS,Pulver,1.0,0.0,0.135,0.0,0.45,0.0,0.0,0.0,0.0,0.0,0.0,0.0,0.0,0.0,0.0,0.005,0.0,,0.0,0.0,0.0,"Boden, Kaliumnitrat"
112,Yara Vita ACTISIL,Flüssig,1.12,0.0,0.0,0.0,0.0,0.0455,0.0,0.0,0.0,0.0,0.0,0.0,0.0,0.0,0.0,0.1895,0.0,,0.0128,0.0,0.0,Silciumzusatz 52% Cholinchlorid und Kalzium Chlorid umgerechnet und Cl umgerechnet. Ätzend
113,YaraTera FERTICARE CHICORÉE,Pulver,1.0,0.037,0.113,0.05,0.3,0.0,0.03,0.0,0.0898,0.0,0.0,0.0001,0.00025,0.00025,1e-05,0.005,0.0,,0.0,0.0,-16.118207714879308,Weiches Wasser
114,YaraTera KRISTALON ROT CALCIUM,Pulver,1.0,0.001,0.114,0.11,0.24,0.097,0.01,0.0,0.0,0.0007,0.0004,0.0001,0.00025,0.00025,4e-05,0.005,0.0,,0.0,0.0,-0.4356272355372785,"Weiches Wasser,Fertigdünger"
115,GHE Flora Grow 3-1-6,Flüssig,1.174,0.01,0.02,0.01,0.06,0.0,0.008,0.0,0.0,0.0,0.0,0.0,0.0,0.0,0.0,0.0,0.0,,0.0,0.0,-4.356272355372786,masse korrekt laut flasche netto gewicht
116,GHE Flora Bloom 0-5-4,Flüssig,1.2,0.0,0.0,0.05,0.04,0.0,0.03,0.0,0.0599,0.0,0.0,0.0,0.0,0.0,0.0,0.0,0.0,,0.0,0.0,0.0,masse korrekt laut flasche netto gewicht
117,GHE Flora Micro 5-0-1 Soft,Flüssig,1.136,0.01,0.04,0.0,0.013,0.07,0.0,0.0,0.0,0.0012,0.0005,0.0001,0.00015,0.001,4e-05,0.0,0.0,,0.0,0.0,-4.356272355372786,masse korrekt laut flasche netto gewicht
118,Ph- Plagron Universal,Flüssig,1.1,0.0,0.0,0.43,0.0,0.0,0.0,0.0,0.0,0.0,0.0,0.0,0.0,0.0,0.0,0.0,0.0,,0.0,0.0,0.0,
119,GHE Cal Mag Supplement,Flüssig,1.154,0.0,0.01,0.0,0.0,0.04,0.01,0.0,0.0,0.0,0.0,0.0,0.0,0.0,0.0,0.0,0.0,,0.0,0.0,0.0,masse korrekt laut flasche netto gewicht
120,GHE Ripen,Flüssig,1.0,0.0,0.0,0.06,0.05,0.0,0.0,0.0,0.0,0.0,0.0,0.0,0.0,0.0,0.0,0.0,0.0,,0.0,0.0,0.0,
121,GHE Maxibloom,Pulver,1.0,0.005,0.045,0.15,0.14,0.05,0.035,0.0,0.04,0.001,0.0,0.0,0.0,0.0,0.0,0.0,0.0,,0.0,0.0,-2.178136177686393,
122,GHE Maxigrow,Pulver,1.0,0.015,0.085,0.05,0.14,0.06,0.02,0.0,0.03,0.0012,0.0005,0.0,0.0,2.5e-05,0.0,0.0,0.0,,0.0,0.0,-6.534408533059178,
123,hesi hydro wuchs incomplete,Flüssig,1.1,0.0,0.03,0.019,0.036,0.0,0.0,0.0,0.0,0.0,0.0,0.0,0.0,0.0,0.0,0.0,0.0,,0.0,0.0,0.0,nur für NPK werte INCOMPLETE WEIL HESI LEUTE...
124,hesi hydro blüte incomplete,Flüssig,1.1,0.0,0.03,0.039,0.051,0.0,0.0,0.0,0.0,0.0,0.0,0.0,0.0,0.0,0.0,0.0,0.0,,0.0,0.0,0.0,nur für NPK werte
125,hesi pk1314,Flüssig,1.1,0.0,0.0,0.09,0.072,0.0,0.0,0.0,0.0,0.0,0.0,0.0,0.0,0.0,0.0,0.0,0.0,,0.0,0.0,0.0,
126,Superphosphat 18 %,Pulver,1.0,0.0,0.0,0.18,0.0,0.29,0.0,0.0,0.32956,0.0,0.0,0.0,0.0,0.0,0.0,0.0,0.0,,0.0,0.0,0.0,
127,PP. BLOSSOM BOOST 10-30-20+2MGO+TE,Pulver,1.0,0.048,0.052,0.3,0.2,0.0,0.02,0.0,0.0,0.0012,0.0006,0.00015,0.00015,0.0002,0.0001,0.0,0.0,,0.0,0.0,-20.910107305789374,auf der peterseite mit MgO egal was meine packung sagt
128,PP. PLANT STARTER 10-52-10+TE,Pulver,1.0,0.076,0.024,0.52,0.1,0.0,0.0,0.0,0.0,0.0012,0.0006,0.00015,0.00015,0.0002,0.0001,0.0,0.0,,0.0,0.0,-33.10766990083317,
129,YaraTera KRISTALON gruen cal,Flüssig,1.0,0.041,0.099,0.14,0.14,0.06,0.02,0.0,0.0,0.07,0.04,0.01,0.025,0.025,0.004,0.0,0.0,,0.0,0.0,-17.860716657028423,gibts nicht mehr aus dem Verkehr genommen. gibts wieder.
130,Aptus Cal Mag Boost,Flüssig,1.1,0.0,0.09,0.0,0.0,0.09,0.02,0.0,0.0,0.0,0.0,0.0,0.0,0.0,0.0,0.0,0.0,,0.0,0.0,0.0,
131,Biobizz Calmag,Flüssig,1.1,0.0,0.0,0.0,0.0,0.042,0.017,0.0,0.0,0.0,0.0,0.0,0.0,0.0,0.0,0.0,0.0,,0.0,0.0,0.0,
132,Canna Calmag Agent,Flüssig,1.1,0.0,0.051,0.0,0.0,0.068,0.024,0.0,0.0,0.0,0.0,0.0,0.0,0.0,0.0,0.0,0.0,,0.0,0.0,0.0,
133,TNC Calmag ,Flüssig,1.1,0.0,0.043,0.0,0.0,0.047,0.017,0.0,0.0,0.0,0.0,0.0,0.0,0.0,0.0,0.0,0.0,,0.0,0.0,0.0,
134,Australian[EmeraldHarvest]Cal-Mag,Flüssig,1.1,0.0,0.02,0.0,0.0,0.04197,0.00829,0.0,0.0,0.0,0.0,0.0,0.0,0.0,0.0,0.0,0.0,,0.0,0.0,0.0,nur in Australien f Stiffy
135,Australian Canna Calmag,Flüssig,1.1,0.0,0.025,0.0,0.0,0.05596,0.019896,0.0,0.0,0.0,0.0,0.0,0.0,0.0,0.0,0.0,0.0,,0.0,0.0,0.0,nur in Australien f Stiffy
136,Toom Balkon und Kübelpflanzendünger,Flüssig,1.19,0.05,0.05,0.04,0.07,0.0,0.0,0.0,0.0,0.0002,0.0001,2e-05,2e-05,0.0001,1e-05,0.0,0.0,,0.0,0.0,-21.781361776863935,nur in Australien f Stiffy
137,Magnesiumcitrat,Pulver,1.0,0.0,0.0,0.0,0.0,0.0,0.265,0.0,0.0,0.0,0.0,0.0,0.0,0.0,0.0,0.0,0.0,,0.0,0.0,0.0,benutz ruhig du depp sieh was passiert.
138,canna coco,Flüssig,1.17,0.0,0.038,0.0,0.007,0.063,0.006,0.0,0.0,0.00018,0.0,0.0,0.0,0.0,0.0,0.0,0.0,,0.0,0.0,0.0,
139,Universol Soft Water 213R 14-7-22+5CaO+2MgO+TE,Pulver,1.0,0.023,0.117,0.07,0.22,0.05,0.02,0.0,0.0,0.0012,0.0004,0.0001,0.0001,0.0001,1e-05,0.0,0.0,,0.0,0.0,-10.019426417357408,
140,Peters Professional Pot Plant Special 15-11-29+TE,Pulver,1.0,0.064,0.086,0.11,0.29,0.0,0.0,0.0,0.0,0.00012,0.0006,0.00015,0.00015,0.00022,0.0001,0.0,0.0,,0.0,0.0,-27.880143074385824,
141,Peters Allrounder ,Pulver,1.0,0.045,0.131,0.2,0.2,0.0,0.0,0.0,0.0,0.0012,0.0006,0.00015,0.00015,0.0002,0.0,0.0,0.0,,0.0,0.0,-19.603225599177538,
142,Agrolution Special 313 14-7-14+14CaO+TE,Pulver,1.0,0.0,0.117,0.07,0.14,0.14,0.0,0.0,0.0,0.0016,0.0016,0.0001,0.0001,0.0001,0.0001,0.0,0.0,,0.0,0.023,-5.2,
143,Athena Core,Pulver,1.0,0.0,0.14,0.0,0.0,0.23783,0.0,0.0,0.0,0.001,0.0004,0.0001,0.00013,0.00015,0.0001,0.0,0.0,,0.0,0.0,0.0,
144,Athena Grow,Pulver,1.0,0.0,0.02,0.08,0.2,0.0,0.04974,0.0,0.23968,0.001,0.0,0.0,0.0,0.0,0.0,0.0,0.0,,0.0,0.0,0.0,
145,Athena Bloom,Pulver,1.0,0.0,0.0,0.12,0.24,0.0,0.04974,0.0,0.23968,0.001,0.0,0.0,0.0,0.0,0.0,0.0,0.0,,0.0,0.0,0.0,
146,Universol Grün 23-6-10+2.7MgO+TE,Pulver,1.0,0.115,0.115,0.06,0.1,0.0,0.02,0.0,0.1126,0.12,0.0004,0.0001,0.0001,0.0001,1e-05,0.0,0.0,,0.0,0.0,-50.09713208678703,
147,Peters Excel Soft Water CalMag Grower 15-5-15+7CaO+3MgO+TE,Pulver,1.0,0.035,0.115,0.05,0.15,0.07,0.03,0.0,0.0,0.0012,0.0006,0.00015,0.00015,0.0002,0.0001,0.0,0.0,,0.0,0.0,-15.246953243804754,
148,Peters Excel Calmag Finisher 13-5-20+7CaO+2MgO+TE,Pulver,1.0,0.02,0.13,0.05,0.2,0.07,0.02,0.0,0.0,0.0012,0.0006,0.00015,0.00015,0.0002,0.0001,0.0,0.0,,0.0,0.0,-8.712544710745572,
149,Universol Basis 4-19-35+4.1MgO+TE,Pulver,1.0,0.0,0.04,0.19,0.35,0.0,0.041,0.0,0.18569,0.0012,0.0008,0.0002,0.0002,0.0002,2e-05,0.0,0.0,,0.0,0.0,0.0,
150,GH Ca-EDTA,Pulver,1.0,0.0,0.0,0.0,0.0,0.12591,0.0,0.0,0.0,0.0,0.0,0.0,0.0,0.0,0.0,0.0,0.0,,0.0,0.0,0.0,
151,Plagron CalMag Pro,Flüssig,1.11,0.0,0.051,0.0,0.0,0.057,0.033,0.0,0.0,0.0,0.0,0.0,0.0,0.0,0.0,0.0,0.0,,0.0,0.0,0.0,
152,S3 Kaliwasser 28 Be,Flüssig,1.26,0.0,0.0,0.0,0.08,0.0,0.0,0.0,0.0,0.0,0.0,0.0,0.0,0.0,0.0,0.0,0.0,,0.21,0.0,0.0,Kalium /Silcate
